,score_1y,score_6m,score_3m,score_1m,score_2w,score_1w,alpha_1y,alpha_6m,alpha_3m,alpha_1m,alpha_2w,alpha_1w,final_moment_score,final_alpha_score,final_score
EDELWEISS,1.8966104220238877,2.540944816156798,4.155739329959877,2.495712076058468,1.9827768474645908,2.175851304375899,2.259976845031791,3.144094411238963,5.804331117764074,3.681355632127641,2.512417780048046,1.0650911953522868,3.3347722510288382,4.635391130768123,3.9850816908984807
IIFLSEC,4.417582699205331,4.061054508554757,3.51914977504797,2.1739019981631937,2.26602696900392,2.2645395166507916,5.556349147977566,5.284078740664542,4.371319733375243,3.2002633446735467,1.4036277002249506,1.67698545258225,3.2239563886838947,4.202554618222594,3.7132555034532446
JMFINANCIL,1.4625100183444124,3.0377538504589316,3.30476158322334,2.8669254223158998,2.7268116436499086,2.7995411456368005,1.4959802085439522,3.1185553129829517,3.650073645169705,3.4476991721126065,2.6128500132254597,0.5041351889083454,3.1200091883982264,3.4830576368152246,3.3015334126067257
PAYTM,0.46266958281576215,2.430098107184503,3.479293806127901,2.5881391898810913,1.9106261357856498,1.6981054107076807,0.514035124338745,2.827528364655461,4.081175413579987,2.934322465524428,1.4929273355393946,1.407329694472363,3.002108281465179,3.486390119378414,3.2442492004217964
CHOLAHLDNG,2.104508628175464,3.20127608615233,3.4139999702438653,3.343629387090697,2.099375092350729,1.631003796955286,1.7537370490243884,2.845695969216002,2.619114409296926,3.680760907197983,2.396591641697456,1.2283152631177716,3.350344018479608,2.9829246706510584,3.166634344565333
DHUNINV,2.7585726630252756,2.5059881194843316,2.778606077763099,2.338392640010694,1.5778095085471144,1.3827847644886773,3.8438943721568983,3.243612114365759,3.961363724012728,2.762675859230413,0.5826470551543763,0.48230836241429914,2.5920184547816243,3.4582070426486395,3.0251127487151317
SUMMITSEC,2.973987307287244,3.3120690144766702,2.752667446827438,2.2333894116923987,2.4697738340116553,1.8233870947090283,3.2398464438768055,3.7744039980376574,2.8110260121729187,3.4662191470712123,2.695460329583285,1.824467303235315,2.708764349816773,3.200259549815354,2.9545119498160632
MCX,3.9836556392937323,2.507481617955574,3.5276077193726376,2.228144720142506,1.1450400459947307,1.4018214108329854,3.412092892454852,2.1662444828844682,2.7841904512225844,1.5155297144142788,0.9561074852661058,0.970209094319076,2.9337435993201852,2.2800030365124693,2.6068733179163273
GEOJITFSL,3.1320479426994283,2.8255190829966046,2.744571111697403,0.8381390526758405,1.2508048770888385,1.6000474082064506,3.666386570878049,3.665705017905056,3.733344538704299,0.6263086283880793,0.6744554412696332,0.7146420502687807,2.1888310882507747,2.787705861449585,2.4882684748501798
ARIHANTCAP,1.0237765166380504,2.5775056310291626,2.4153742812130714,1.7303328339743294,1.5932630931979295,1.5307260730662513,1.031035775545426,2.91082914355314,3.0860171366712166,1.9598451852191698,0.563808462826761,0.5218091402125676,2.242288117004667,2.713127952611987,2.477708034808327
OSWALGREEN,1.8047032133481506,1.8745692445106057,2.1276316322176774,1.717280347042656,0.8671534027552268,1.2690381525361007,2.523950365909558,2.7020957938410253,3.2518864764660607,2.6650532720431834,0.95831671216803,0.6681653089999777,1.9539137691237565,2.9658783786141907,2.4598960738689737
HEXATRADEX,1.9723821188248403,2.8276830428815094,3.0558929125988548,0.4448660395839817,0.5244199634580653,0.5762481326502132,2.0234897174181596,3.267766349693304,3.796513446868239,0.3172008906339101,0.4463877617136699,1.8376495348082316,2.226942876750924,2.646970260562953,2.4369565686569388
ICRA,1.1300608289559726,2.2351437880146174,2.6597907231238693,3.3101511446431617,1.4539510495252368,1.2913634174060558,1.0928751128582694,1.6364344107483229,1.6711835403051123,2.2166914567972356,0.5227595313328954,0.4381741475001989,2.7699694625578064,1.8278860893413913,2.2989277759495987
PRUDENT,2.494918598271046,3.2672928935340564,1.9728260121704877,1.9192669794623853,2.286127212155094,1.568099487478182,2.6845659097445296,3.3182714337456356,2.0526009495791646,2.175558433085941,2.9981324303181696,2.535291447715917,2.215651678630771,2.3426222914644916,2.2791369850476313
JSWHL,1.6716729591559676,1.359642746184022,2.081687316316361,2.728185908896371,2.272881159519361,1.1420383450447633,1.7177676806198503,1.1839683766472342,1.723951645766808,3.465034895516086,3.4084533259782415,0.5259460908074309,2.1312279800638962,2.1382799668676764,2.134753973465786
CHOICEIN,4.102172077028259,3.567198352508974,2.4977415593099153,2.127956201716442,1.8949829833364769,1.692715473296961,2.3833780327448224,2.319090573730171,1.5778478599345878,1.2707622517376918,0.8918097262243876,0.954221595506463,2.600697310671685,1.6339707202346356,2.11733401545316
SHRIRAMFIN,2.1531631772924693,1.929221821181084,2.253370738369524,2.4537884965972827,1.037783663663778,1.4837759862831819,1.4197052180700551,1.4252497519231357,1.825839649250439,2.254290315194886,1.3566092324098236,2.2526210770578965,2.2486662824001638,1.8742568695683122,2.061461575984238
CREST,1.9541639138541818,1.3015340128443453,1.608571179904735,2.1541846836048446,1.1741942664340768,1.500461702027245,2.411666727205796,1.409745531865327,1.89549507870043,3.9336323105617867,3.423669966354465,3.7960189461431746,1.71084779760269,2.409786338891817,2.0603170682472536
VLSFINANCE,1.9700421758743116,2.3138493635221433,2.5147499968266827,1.487396866221569,1.4726822557101475,1.6338810615029877,2.0629094293826986,2.379052637557982,2.4645040386298858,0.5571626551373751,0.23580327657752992,0.18085064514400065,2.1663639309842404,1.875211343367752,2.0207876371759963
MONARCH,2.6102196479468893,1.5270179665928265,2.8507314518701525,0.6612047148062631,0.536016933633159,0.45009175110503374,2.4307902599006344,1.4430656482091513,3.091360000939869,0.7207731235541887,0.9161398417255401,0.5856703291828327,1.9291307336955203,2.0505250671780213,1.989827900436771
NAGREEKCAP,1.4519441998986438,2.29927936608091,1.2285860961867971,3.159196182660106,4.293140059360976,3.9322292956628173,,2.5144342149140115,1.157190498112424,2.7452718228062665,2.124467381831513,0.9339937491320558,2.0219077761076125,1.9050636388808941,1.9634857074942533
BAJAJFINSV,1.0663185757660427,1.626425840939799,2.914694274940911,1.9908604430744605,2.1665963751775856,1.6408956948796716,0.7394041149089651,1.0125849720060176,1.7317842859593484,1.5688955891754288,2.26506740503173,2.554918085584343,2.3798904385807536,1.5390778141335064,1.9594841263571299
INDOSTAR,1.3894836149860808,1.3565623876973179,1.3859105983184905,2.308874005892699,1.758611306994447,1.031072957959447,1.524133946959025,1.4941960719239384,1.5319836922473473,3.226966930196717,2.8689403087214926,1.722520832632546,1.6569299784665183,2.032921139567476,1.8449255590169973
UTIAMC,1.96171318334248,2.7251653123906525,2.1038700342156895,1.4380840639564305,0.31412304631705334,0.17965605281107394,1.502343998121878,2.0883147288118566,1.6774329076257772,0.7845674290488903,0.5478670351785394,0.7229347903078566,2.0283932987729045,1.491749628289927,1.7600714635314159
FINOPB,0.7144818405389889,1.4474314501167527,2.1913246546594367,1.0337400788140008,1.940121143821898,1.5055680318413114,0.8424055884297071,1.6569524085864387,2.199048277756146,1.261252606435937,1.711620657814893,0.6309773335038522,1.695270640997269,1.8092904025261418,1.7522805217617055
ISEC,1.3971255348473386,1.672306103614742,1.7573209547073765,3.028782139519636,1.7094054317703113,1.1037697928001364,0.9987503762414306,1.1440229912859055,1.238847401243164,1.7715074760539362,1.7071524129420395,1.5552044956020703,2.1217563399325274,1.379680541694944,1.7507184408137357
THEINVEST,2.859738755862395,2.2794598423722796,1.328927692085737,2.6277061567641775,2.2335943737447153,1.3770977159575215,3.0183914854555853,2.0573056231929527,1.0844923845757264,1.7659661500135044,0.8700745700211656,0.37226495085912364,1.9086676615465779,1.4834971619305053,1.6960824117385416
MOTILALOFS,3.684332686742169,2.0394836962416885,2.1978250021471726,0.6647264417959368,0.5814094182970488,0.7875448476638265,3.7886547140661677,2.1021589894726187,2.0700995785831835,0.5195106599642486,0.5701211060401624,0.41852129365331303,1.706227172860705,1.61133478517539,1.6587809790180477
TIMESGTY,1.4740680837247737,1.9488504189248776,1.1604450488482263,1.7053314076285873,1.9074680331080294,2.5251647763435456,,2.2377624872478217,1.2001110039199614,2.3864912624935366,3.381557015291006,7.831261094901703,1.4815920304976649,1.763555378157606,1.6225737043276354
NSIL,1.7630726664711758,1.8110501460584385,1.3946919872206522,2.2520753570016785,2.402616701326857,1.6869505200504342,1.7439250236715238,1.7121132721764583,1.133732221819697,1.9995807285458196,1.664723950315619,0.7108171954739235,1.7351786299225174,1.5091629839088863,1.622170806915702
GFLLIMITED,0.5115562559627141,1.0297809567798102,1.5685495516042511,2.191169768260342,2.5839197213626868,2.743056161168588,0.5587861688879874,0.9609749071823707,1.3410648774653104,2.2903001463249613,1.4635755738328988,0.8474254536522989,1.6475818976361902,1.5498174640666176,1.598699680851404
CAMS,1.7990711645319983,1.9025942457908487,1.6721439226139503,1.3853432931656353,1.2352217740277904,1.7642810602481547,1.6048281862628,1.7569398621714363,1.6709718636785016,1.2365860735237462,1.4292700344225475,1.9794553348536177,1.6321937984148354,1.5578497263306619,1.5950217623727485
MFSL,0.9916372374024873,1.2801742763630841,1.9973300483896463,1.9882546152688803,1.99484321349441,1.4067194152435736,0.899038183133954,1.034971992130422,1.4293431104424832,1.276389841580251,1.4682929713307398,0.9971480313308666,1.851176264048104,1.3045829061214014,1.5778795850847527
ABSLAMC,1.8792206468077792,2.4292941033890565,1.553992685759673,1.1979378030838528,0.9474601766425527,1.4063013679393623,1.36768566916478,2.009476050109003,1.2875094686713329,1.4586334923267237,1.506436688164615,1.716679549943299,1.6222365044828038,1.4832399920554842,1.552738248269144
CHOLAFIN,0.8095304802307904,1.7825724051397853,1.5060974082801244,1.9911287310484473,0.9402235491295878,0.8340465600033449,0.7201028065713057,1.365900320564771,1.145427358985542,1.787137038840184,1.0894522482987636,1.0369175216712843,1.7069018044825535,1.3820348552577804,1.544468329870167
SUNDARMFIN,1.700898839524864,1.3073145863717144,1.3520144132980032,1.6890560645258197,2.021444068257849,1.9381060987765801,1.4522602782443002,1.225271435134392,1.2856451441934258,2.2927495774500537,1.939089728858574,2.6942247449109913,1.4441869432810903,1.5757017323586073,1.509944337819849
ICICIPRULI,1.2352100707349827,1.6082107392327005,2.2123647396615906,0.8952291503132096,1.5059837273575138,1.0679797816484364,0.9939676020557155,1.2229723467358078,1.5658968104371658,0.9677219638572191,1.934340755231373,1.484787259255198,1.6963932627712983,1.3178594637229102,1.5071263632471044
RELIGARE,0.7449346112186778,1.5058363109622677,1.7541954195024054,1.4310356995661264,1.502250860658867,1.883083982773369,0.8007409153154711,1.3238026878852145,1.5276950890077774,1.1716595816073734,0.556117246030623,0.4499989370046644,1.607575681813494,1.3801059565631437,1.493840819188319
SBILIFE,1.5393786841839652,1.8415964541132632,2.335032803888971,0.5598771129456335,0.9859033536737599,0.9505657005494775,1.002801734021095,1.2442219705971138,1.5950672244705437,0.7139037637969483,1.919276577452477,1.9897114572202508,1.7037988266508282,1.260549135493779,1.4821739810723036
POLICYBZR,2.549348563121124,1.7886694792678823,1.6382326331966834,0.9473216470139808,0.7937788617891285,1.2884503520542965,2.441770140799438,1.8070862464458466,1.609342445848016,0.9117007753706767,0.7080807106383049,0.9507469204562576,1.4610467065561126,1.4395987048243803,1.4503227056902466
WELINV,1.7036499124089968,1.2634561691161066,1.7533564299871778,0.8866492175990658,1.371116987206195,1.4190412986138248,2.3103625611555243,1.3827313259955376,1.804562267593179,1.0238283209762078,1.3195510950216458,2.013973631132811,1.39536421409653,1.4859758952885593,1.4406700546925446
FEDERALBNK,1.0983890719690945,1.924447333672525,1.520923510623636,2.027378129655861,3.5351484480313977,2.252479761760932,0.8022528076438401,1.2851822285785885,1.0054465982998566,1.1925722300736887,0.8562384744944798,0.6390047826240896,1.7535646609430815,1.1175314138877526,1.435548037415417
RANEHOLDIN,1.3605644991190133,2.452231049589867,1.4215492075719725,0.8199587872505378,0.4767713307573663,0.9400133106346237,1.4627269084504735,2.818243078804149,1.3853867729249316,0.539259017108171,0.4813694667195076,0.6138326032055467,1.447208449879121,1.4181197073557468,1.4326640786174338
MUTHOOTCAP,0.4444097868976257,1.1038679295883895,1.4748704858427542,1.4778013544944764,1.449001236063349,0.7165311953197983,0.4923760252266145,1.025409157385829,1.4560104194310226,1.7621601701096659,2.258985616783215,1.3857404944680798,1.4015492351873977,1.4617350922255767,1.4316421637064871
ICICIGI,2.3529373435584753,1.8709928083827858,2.2882643041651236,0.5719271033098475,1.1702546507381704,0.44610073086325003,1.4882845674549152,1.2828896294533731,1.4177114752383368,0.611907745649045,1.9706614695708673,1.3115876404633973,1.6899088447520731,1.1490059872045566,1.4194574159783149
PEL,0.5475260142214694,1.3846856554127167,1.4768147228724033,1.5236018458262062,1.4749657602112893,2.512017298731871,0.5129062168570317,1.164968519545554,1.3987570070440931,1.4335896317080123,0.9051640098875059,1.3030105141581894,1.4724250462666069,1.362449096943561,1.417437071605084
NDLVENTURE,0.4412979908494426,0.8200327118686958,1.1260135090852983,1.3480385775018082,1.2344691292952872,0.7472116105161999,0.42109657457316596,0.8515703105792568,1.4514149827293323,2.5113656044221004,1.7319788427584544,1.247598161275742,1.1314248701669307,1.6494312348071478,1.3904280524870392
IEX,1.274172199667729,1.9472170762541885,1.3257972175009942,0.995126660879809,0.6529979561523105,1.6872952487350987,0.943122194416093,1.669767769994292,1.2422333991853238,1.3782534886520126,1.0264239245312718,2.3671403792007992,1.3508800222652775,1.3685463001871243,1.359713161226201
LTF,1.036708181014495,0.8688232361226684,0.7515694701974944,2.457947922059648,2.9475421920643905,1.3727422248484606,0.7345761512412915,0.7229573977906996,0.7468868690165613,2.88389497410998,2.158710671864057,1.2363316026323712,1.2869337589411753,1.3832034062994145,1.3350685826202948
AGSTRA,0.961942798692812,1.1953751698718584,1.6770748040426886,0.8246182472175313,0.38281331979357613,0.9558002313071214,1.211409022119367,1.375250422228006,1.8884135683249943,0.417927258598724,0.3804873526209963,0.6865479905178162,1.3249979101609755,1.3446350461877155,1.3348164781743455
BLBLIMITED,0.47473595101211213,0.40725961913182507,1.2476145516263666,2.348441780543241,2.009091078020992,1.9637539188010282,0.5354236187418162,0.44384044592782146,1.0514902532511003,2.131713791279366,1.7332086698897198,1.3832656821778748,1.4097917338025208,1.2540273531949242,1.3319095434987225
WORTH,0.9540669806920192,1.5733080106443673,1.3772738212112656,1.2208692961636352,0.36858364808627403,0.6930201612349741,1.0916708695726893,1.696042953159098,1.4682316168791898,0.7311678895733564,0.38016994586808595,0.626573382536979,1.369559301583597,1.2926747659434215,1.3311170337635092
SHAREINDIA,0.7424217173767709,0.5611898321380248,1.1282253352833453,1.9687661909733114,1.8823787417830906,0.8397167311918512,0.7107602763489825,0.5641627821386777,0.957701770780547,2.643289254869026,4.072785856060696,1.3510393781654713,1.266980491361271,1.3846702182787167,1.3258253548199939
PRIMESECU,1.7877250422412896,1.9752752817232162,1.6702675009420918,0.4774425338460178,0.37609767860796367,0.8790530946906836,1.466378455430749,1.8207308197457994,1.564650923922894,0.4064207080235638,0.4166754930757573,2.3203467368378767,1.3734215669694945,1.268397838317676,1.3209097026435852
ABCAPITAL,0.882801051949028,1.1460386683408632,0.8426378001709194,2.5935520271717154,3.2081785419764492,2.6822397687689206,0.7055199520604646,0.8811595527069729,0.7933862125603196,2.102806060000752,1.4271389196193294,1.4010117774642032,1.4285922419051469,1.20376683482178,1.3161795383634636
AUBANK,0.5469885126498778,1.437594213759056,1.3166003833789723,2.196927007129104,1.2746496220802734,1.3067870171105433,0.664773394270123,1.1783093552394706,0.9981769151619437,0.9697378625918979,0.4775522253521115,0.6855324803618613,1.6048971365800286,1.0256716874064353,1.315284411993232
HOMEFIRST,0.9461037516300128,1.2719447388721445,1.1888050048534013,1.338567345031205,0.7801200161161899,0.6082187326331924,1.1090213120094519,1.3736804997711938,1.116310051356249,1.6314445579183716,1.8285054511762877,0.6716100118271265,1.2503616537104911,1.3223244930078748,1.286343073359183
KICL,2.085088759619339,2.0486805821453182,0.6952175764043891,1.7680813146352214,1.150477961568435,0.5435825123585291,2.1160037394317706,2.1710916272273826,0.6945266396996898,1.66211907135948,1.3328366541806198,1.3808178263796895,1.2877692990218246,1.2801173667031653,1.283943332862495
KTKBANK,0.4895154655487379,0.6753801862435371,1.1455362239101932,2.427914467411197,1.8374608873223393,2.1337992748360883,0.5274982388821647,0.6703346813856529,0.9427132659179517,1.7184127979064392,1.276121528126081,0.8337413428211957,1.436218489427163,1.120947408608038,1.2785829490176006
HBSL,2.403811236507325,1.983969452698838,1.3151658896772447,0.6655137898488086,0.9025815230057703,0.5351551549491879,,2.251780984412501,1.3826076485206,0.5213943424726599,0.386085108406934,0.5046548827014973,1.2540309723330325,1.2980783238845983,1.2760546481088153
M&MFIN,0.6192148875722543,1.0694700857789912,1.646032290780084,1.2197390833623853,1.1908242773343514,1.1749131778249624,0.602778161705413,0.8680090466278735,1.22598028606158,1.0941553235429722,0.8543859512586611,0.9041737937419757,1.402831887554556,1.1148385494192563,1.2588352184869063
HDFCLIFE,0.6647193358022482,1.1947728714261405,2.065035940238106,0.46724506110418224,1.4519796758455712,1.0707557854680694,0.6972515948521315,0.9249906520198776,1.4070574538921181,0.6462076403562398,1.9318985002170035,1.879152223330658,1.4116460627355358,1.0823891494569065,1.2470176060962213
BAJFINANCE,0.48705248230539705,0.7568084362510882,1.4715024058839274,1.9159640693361193,1.4420440214372268,1.5459555632698043,0.5283157327940357,0.6923214361113751,1.000719573474337,1.20774858948356,1.0905520334094394,1.728742902114504,1.4619021109930173,1.0011486508045115,1.2315253808987645
HDFCBANK,0.729604935757149,1.4502926173898445,0.7508508531078729,2.45269627341658,1.6059500423458304,0.5478623698318128,0.6414301205510653,0.9396414067443013,0.7241071783094845,1.5896251048971028,1.7359341587631116,1.0821600505408169,1.4012928320568794,1.0268694019727334,1.2140811170148065
PNBHOUSING,0.735749882070885,1.4474000213745943,1.5997169203803183,0.5788792025671906,0.4018961700736599,0.7906974289139862,0.7343368176849602,1.3529002043483715,1.5180201456205011,0.3947492201873522,0.340249370279528,0.5436534546385022,1.2630022252352353,1.1480148797361305,1.205508552485683
ICICIBANK,1.534167148066873,1.5307513772912165,1.0723515507120374,1.4912210230131182,0.8785791811599225,0.6339318572359545,0.8302878341971139,0.9479071985156613,0.8199340998629794,1.6585185139143963,1.9379934038461635,1.5930299437888524,1.2896923577181973,1.0971040438089408,1.193398200763569
KOTAKBANK,0.6197900314152753,0.8675113116993906,0.9705758351546762,2.1904302722362488,1.58016280925343,1.0169146827134232,0.6272889821774114,0.7917935641752473,0.7899594527336697,1.714906412459917,1.6687374625572375,1.2283676463815867,1.3159192615880908,1.0678103629398594,1.191864812263975
5PAISA,0.7602416306569953,0.5140479622407875,1.2920920627920613,1.7326970939450026,1.293725976852687,1.1944207784333436,0.92016362555004,0.6126309729210925,1.0480192997692004,1.5322656401061612,1.5014944138588742,0.6012658983104027,1.268664752027689,1.106215536500667,1.187440144264178
AAVAS,0.5361871498921404,1.7524830027465716,0.9277661424399923,1.7103440305600548,1.3736379957431277,0.9681713743289417,0.6318153659559251,1.4795373982045568,0.7916476503480823,1.1786785264934059,0.9702113042982767,0.7927789044341573,1.327482880937327,1.0453348627629742,1.1864088718501504
DELPHIFX,0.38639930097942904,0.7847885631252173,1.3915659911576057,1.8512144730098958,0.7513010512631889,1.6592216135836635,0.4537350901136743,0.8826755448251259,1.1381047166843608,0.632094396094373,0.3189605386553416,0.45268852377727814,1.4081050501068149,0.9352157861355175,1.1716604181211663
APTUS,0.6812786372047132,0.7106709398689067,0.87963710551618,2.046373595012505,1.593363111764087,0.5942479846901273,0.728208330335233,0.7336124212203684,0.777728203372708,2.013195755430426,2.5262199328638655,0.685054560169138,1.195864819235623,1.1395453125595554,1.1677050658975892
VHL,0.8790432099526612,1.479768569868519,0.8357615788515421,1.4203778652005938,1.7139997265844724,0.41396931929467723,1.003595051534341,1.6616737232302574,0.7918979409813789,1.5150834887667242,2.1158998654431818,0.47297100274017917,1.1399478629596531,1.1828087617667582,1.1613783123632055
MUTHOOTFIN,1.8268184433044303,1.4772062965969455,1.362159675246533,0.9277937628146948,0.7037776695995273,0.6948116454141741,1.2139934047680212,1.051687971021783,1.0068602963841773,0.8045584753396898,0.5908127525192264,0.9191723824093196,1.254859225787064,0.9551352849983522,1.104997255392708
DOLATALGO,2.3983969912897076,2.1708456045388416,0.9644472920261443,0.36629486144105194,0.41707574525709257,0.8360279187686509,3.165084362321784,2.8530211306194495,0.9748898831661339,0.30234839378654704,0.2749491252340601,0.3780302902786613,1.0262812253531561,1.148753685842921,1.0875174555980385
360ONE,2.343625751697328,1.8546090860606324,1.1776431264675389,0.5193014744678089,0.5837357243337467,1.0642070481851489,2.043216901351836,1.649379495284418,1.0564764020084356,0.6603399928118724,1.3633757309289045,2.8356746024228388,1.1155338227862386,1.056216097904663,1.0858749603454507
BAJAJHLDNG,1.6043733077809472,1.7579149967612617,1.1920291466635224,0.6051536827341361,0.8133245523944969,1.1152761476846977,1.2901870171611551,1.350903538081844,0.9483702600523631,0.6904221585955517,1.4688294506214312,1.3203438235763025,1.1291436775042545,0.9514924852212159,1.0403180813627353
AXISBANK,0.7522469537426203,1.2208418526058755,0.5634194502824357,1.8268810907810051,0.842732471915659,0.7335358986459567,0.6422292131500528,0.8558700598062661,0.6405341328642364,1.619815220718252,1.4616094292656554,1.9520972281223363,1.0739424228966945,0.977385644608847,1.0256640337527707
NAM-INDIA,2.19009557884581,1.5579980854145374,0.9701182972803457,0.9086164978389764,1.3420720127784325,1.2134370390212557,1.8629740484707826,1.3749405673536108,0.9015465559436966,0.8272649410488833,1.6551318346770842,0.7782950850780006,1.0692437150747733,0.9739408737572355,1.0215922944160045
SBICARD,0.48264123957960253,1.083853563964547,1.3447554671726807,0.9786695353602208,0.8134721205913136,1.1993008436192554,0.6020442391043215,0.8772713732002867,0.9276036554618631,0.6440019978265904,0.8304413076217121,1.7596616419194535,1.182749306987316,0.832456701718966,1.007603004353141
UGROCAP,0.47557162792029,0.6624153694074084,0.5633234840022614,2.0212481711393284,0.6694090545761626,0.7204590974327303,0.510277180881919,0.6659697632525643,0.5987887882678786,1.801889034839042,0.7698391984945987,1.2612875072165954,1.0205192672244108,0.9731550572361647,0.9968371622302877
ANGELONE,0.7840447286349939,0.4739905611595986,1.1159301816258684,1.1475831999991661,0.977566028208907,1.613020360432015,0.774663917508849,0.4422311796691509,1.1372396944932899,1.092521451073371,0.6052623876081439,0.48769059547642174,0.9970381630446037,0.9848225185024864,0.990930340773545
SMCGLOBAL,1.8941821832509294,0.9817996235238758,0.7548082482224094,1.2920961133320281,0.5112743016916443,0.34375848906150885,1.9085760902026436,0.9241928588132716,0.729214586819476,1.433836280874293,0.7391161253391871,0.509379186846165,0.9613928828155882,0.9795967494346802,0.9704948161251342
BFINVEST,0.6435136313975197,0.7676162790189276,0.5517217918388583,1.4855380203797746,1.3731026030740063,0.879393329905554,0.6199384160842156,0.736840572209445,0.5839627107049465,2.041101869781697,2.7546878339016407,2.069516955079682,0.875045557837147,1.0516800307288714,0.9633627942830092
IIFL,0.44193267252567264,1.374479947366269,0.5658752600734382,1.0464329791201759,0.5120764686073166,0.5317855199649411,0.44429301311408337,1.484734968163338,0.5517858114005869,1.5613374516456413,0.9175655352238351,0.9125063448461866,0.8717635132460257,1.0412411348266535,0.9565023240363396
CANFINHOME,0.6824576424477635,0.9308392704258354,0.8078064687965533,1.219683506907964,1.5956803437951872,2.700188878057085,0.6036821361656899,0.7669474440092744,0.7741586210242414,1.3872962152186288,1.3678043085079783,1.438826878576144,0.9559761405558329,0.9566576638795642,0.9563169022176985
CRISIL,0.7218131324518117,0.5604907848203918,1.318443343594438,1.1133413399311944,0.8518058187179649,1.7697201859119276,0.8907141033358198,0.6981361992466404,0.9394241255321462,0.6540659002615998,0.4783460857484583,0.6402529561418312,1.1053222307406558,0.8055590726938812,0.9554406517172684
GICRE,1.2521822395280706,0.9325222158060957,0.8225527515803528,0.8577882478410934,1.0467976947315747,0.9473745932658846,1.3751419554616384,0.8876226453575027,0.819134752394567,1.3436878542246966,1.609123655324862,1.4313428456491337,0.8551172933037235,0.990198261536193,0.9226577774199582
IFCI,2.122739311874061,1.2775078870283507,0.8918461611428486,0.4313708850938845,0.41383569753050176,0.762388844493528,2.8994306936161953,1.618003446600596,0.9520001981589477,0.39043253903407277,0.47336574438742923,0.5718052021514719,0.8308359235052598,0.9167305501098149,0.8737832368075373
REPCOHOME,0.7651912877498983,1.012782351926611,0.6518164193859491,1.4131149763711388,0.7783176215594011,0.9270086328727862,0.7655560699022502,0.9120587398599083,0.6586825370125242,0.8716001331230453,0.6326385133042133,0.8781725700323258,0.9523991729896384,0.7732330564151574,0.8628161147023978
POONAWALLA,0.5499692338847413,0.4143106660190977,0.6275622214422668,1.7107512211562115,1.3594138769595567,1.054748182036748,0.5969755764441549,0.47384141179961403,0.639568747220326,1.2717124669999595,1.0653752120284987,0.7284932070461748,0.9098686102718163,0.7960663960700737,0.8529675031709449
MAXIND,1.6652817631921524,1.2727272103968197,0.4273938359440921,1.2703947977554282,2.112624972237695,1.7192235815658563,2.0241726381587064,1.3973032418044629,0.4466623886018008,1.0690178983452088,1.6958269045041592,0.6519480690002941,0.8493607993780385,0.8234972121653555,0.836429005771697
KARURVYSYA,1.5415699848287137,0.9281270203723687,0.9716208101399281,0.6791344984407965,1.307140928764257,0.5079700332411619,1.17149311577086,0.79667610411242,0.8461268683080166,0.7119470068427581,1.1117886026733972,0.6898925947163612,0.8751761586766769,0.7959827570293198,0.8355794578529983
HDFCAMC,1.8338821240542034,1.0466173380012276,0.9984175654206873,0.5780589097444678,0.8038348323041774,0.9294543245341729,1.1488385200904327,0.8139206908357671,0.8193896741217483,0.6729445883826324,1.23116872582811,2.0615896247728567,0.8819499232339295,0.7743623517428173,0.8281561374883735
ANANDRATHI,3.1283623624115267,0.9146368634446255,0.7353687204103827,1.174423663901454,0.9287390357295133,1.1508435908540793,2.603932690116523,0.893642074550298,0.7100090629809331,0.729066346350597,0.7387066108697039,0.6660283556255662,0.9029388320645526,0.7524528503057053,0.827695841185129
CANBK,1.2456915013164438,0.5429904082585261,0.5741094613727956,1.1803066671313547,1.8997544407833629,1.5624203911842534,0.8004271796718518,0.5091469688049669,0.6240527078013686,1.5559343127951741,2.0164762117417414,2.0445333591864623,0.7497448124775095,0.88063604150023,0.8151904269888697
WILLAMAGOR,0.660746933196848,0.6498989716644417,0.6939187495169045,1.2345975487331786,1.3559403162527546,2.3978963405919362,0.8177568714547236,0.672311466212072,0.6701575394254374,0.9688184299079957,0.6238316695685568,1.8554364944134165,0.8473184337112941,0.7601865919275319,0.803752512819413
MASFIN,0.47299344875029087,0.5850493497755129,0.7140563942455813,1.2198018447665937,0.7201842370624789,0.9070225197092544,0.617956822727669,0.6833999072099091,0.6974072526385074,0.8653923442445515,0.6543542134280901,0.5824794621810201,0.8399786205078714,0.7450013110346009,0.7924899657712361
BANKBARODA,0.6625203053819401,0.544164307849714,0.5044737010001275,1.349369508308974,2.086759870292405,1.965715170096283,0.5491964952509807,0.5057892627555916,0.5826060114066255,1.3661534829926123,1.588871019931336,1.5591118748927508,0.7658805645626987,0.8023069031522148,0.7840937338574567
ONELIFECAP,0.5827447311303398,0.3492360786941762,0.9865191390899953,0.9536051919696008,0.2021393823204713,0.374889605256865,0.6650018556323868,0.3762253303505606,0.8910478670401565,0.6426083666872063,0.27072423882196667,0.46722215123527033,0.8491883428747131,0.7135515095963523,0.7813699262355327
INDIANB,0.6589235313631718,0.6187401316296155,0.6701258390929957,0.7963693430091211,1.6975311237991455,1.2813016150835437,0.6316419972000601,0.5929614777210722,0.6771943852117289,1.3045197813850813,2.364933160809507,2.2934405185440783,0.6977217487751572,0.8485454225656033,0.7731335856703803
STARHEALTH,0.5335436390814065,0.9119745035726562,0.9622847212238111,0.4667384750140211,1.108724861134967,1.2356052233721584,0.6830301776560818,0.8581876295056804,0.7905811664954029,0.5475296442161843,1.3435962215609887,1.4811980412256744,0.8035588038306432,0.7311870024136928,0.767372903122168
KHANDSE,0.6470723905191228,0.637398323879284,0.9087482930323696,0.5436649636256934,0.6837891319415397,1.0881513526651203,0.8006915894694828,0.666929925777174,0.9954391607865644,0.4988464517948492,0.45505503170071593,1.4596887180904417,0.7449533003797496,0.7807595010871717,0.7628564007334606
IDBI,0.6703219158221844,0.6223663464892453,0.8927081911690214,0.6171000089921473,0.7134677936309352,0.8601757338298025,0.5815855462850592,0.5657418841604602,0.8866498662510993,0.6967539594556188,0.9926878454587108,1.103192339032975,0.755957367580004,0.7654994977943272,0.7607284326871656
DBSTOCKBRO,0.9123772463849723,0.7079816672127799,0.6956716209929407,1.1732297611309153,0.8757432644377173,1.4773227119168664,1.5125857804312308,0.8057940292230531,0.6598139888371239,0.629505393774158,0.49473345934823115,0.5727545400506492,0.8414010722783009,0.67991741839542,0.7606592453368604
DHANI,0.6611419182402148,1.055634646442062,0.6451514027790675,0.5706592403860428,2.020583446011573,2.014687804670837,0.6433947344489945,1.113838886470381,0.6395788839429006,0.7079108435219967,1.9106688156939486,0.6637833284828176,0.704900402793759,0.7549304723221255,0.7299154375579422
IVC,0.8822338642980618,0.910375840800694,0.6822324313780419,0.632647259578941,1.5476173259498585,1.7178476554353859,1.0715423347655175,1.0151186722052563,0.6460274452153693,0.6044999932738403,0.9302581746854239,1.1184422038356605,0.712985561722842,0.707387455030888,0.710186508376865
GICHSGFIN,0.5500236334472199,0.7733540743466365,0.6464086975001764,0.8739835247335342,0.5247699045393417,1.1521366001579334,0.5198462677748491,0.7167403099262335,0.6365068562231644,0.714678586117494,0.5295415601111477,0.7840813430502301,0.7400702210394757,0.6760050659320771,0.7080376434857765
PFS,1.0539491768096507,0.843240212036012,0.835080072756426,0.365960500210459,0.6107005879781106,1.2944953865927666,1.1416396958126018,0.8470089419806767,0.8125718340665461,0.43044273692074064,0.6552838813501337,1.2704487525203927,0.6959762288485531,0.7048205265056307,0.7003983776770919
TMB,0.38926722148451237,0.5194070842764799,0.6630101647901281,1.0542259521648019,0.6680295785801892,1.1333800808652557,0.5597871083592416,0.6752699398702519,0.667271982452535,0.5035864788669902,0.3008997929881999,0.3334409333580361,0.7516542848998005,0.6197659228604149,0.6857101038801077
STARTECK,0.9028150874840671,0.6290120855082924,0.524272995490541,1.0507934910835985,1.5274323822947764,1.0984985800120284,,0.6879116276702845,0.5473877143269965,0.8135115642230839,2.4334380625198477,2.433040351600534,0.7031769621720085,0.6553296519644803,0.6792533070682445
SBIN,1.0068799218874853,0.6845060569058445,0.557914155805802,0.6859197438297326,1.196410318610096,1.3639565826138917,0.6786407969992684,0.6133736460685723,0.6327300038076306,0.9907426477095767,1.1324134114509348,1.9186726994604624,0.6216342124329897,0.7362625254304027,0.6789483689316962
TATAINVEST,1.8371883843675434,0.5528691578991037,0.8496809492955986,0.4286855328162169,1.2965583899221353,0.47932628174103237,2.365429290653636,0.6191573895438519,0.8142686970688897,0.541098022049622,1.1472808625387303,0.7534079096733429,0.664019966072485,0.6932952330581018,0.6786575995652935
BANDHANBNK,0.4046448639906611,0.6577897791463408,0.617595223749306,0.7532556348075332,0.3069981569136374,0.47848935733961895,0.42480158965995796,0.6375295741537594,0.612052791116914,0.8097571095752741,0.5378631730143785,1.3010323640901456,0.6663322581461811,0.6764594432617911,0.6713958507039861
PNBGILTS,0.9785301583241489,0.7408175276706289,0.5923052432341754,0.7002649322280431,0.7904429587627856,1.998096650395894,1.0568138478402593,0.721420381786843,0.6175419833080827,0.7605561414011957,0.6144727235303734,0.7476065854862256,0.6543956068196265,0.6812219104317686,0.6678087586256976
CUB,0.8889612237243525,0.8429505243666943,0.5761054421662835,0.6524398249715011,0.528463761850028,0.5672213972550935,0.7261087382026103,0.7503207917964264,0.6234547694552588,0.7085870718774026,0.5969376271259138,0.6416442236298064,0.6523747734479308,0.6743676646501354,0.6633712190490331
CARERATING,0.6363775112737415,0.42274993163599367,0.5026031987027648,1.2862443567361652,0.7891526898873714,0.6795543637782122,0.7157443471241411,0.5249322506880841,0.5695412016703016,0.71230462614152,0.6244037183007084,0.4704988756409137,0.7217248926994306,0.6034484388152237,0.6625866657573272
SUVIDHAA,0.6366101289855461,0.4619680298515537,0.6977245117040933,0.8282281698546085,1.023279899836237,1.2537073429090697,0.712857092784686,0.5067822299870449,0.6779334262860323,0.6074804313144204,1.0621123158421295,1.2133043143204791,0.68972431277874,0.6225672885347513,0.6561458006567457
NAHARCAP,0.5420067704969205,0.7538526564806237,0.7449789686356565,0.3965240121054845,0.6796176036927087,0.30927569749705436,0.6019581641932201,0.7587767003882511,0.7226625060240722,0.5005717162559911,0.616532843694829,0.7281068809994874,0.6422172192455984,0.6632581079664837,0.652737663606041
LICI,1.2238928453673754,0.626583910044278,0.7203556360020086,0.42887071741856747,0.7208314177542287,0.7682079643320455,0.9492005447645332,0.5986627266245432,0.7154882584788097,0.685324233816258,1.2678256280201134,1.5472613625277472,0.6141558152354302,0.6830739447091908,0.6486148799723105
SURYODAY,0.5660604137846531,0.7621560356816866,0.5500231590256808,0.5756012580182096,0.7490190655959074,0.5659928141994246,0.5749605564392112,0.7334296181654998,0.598236509275164,0.8308114947043805,1.5199980827757547,0.9431681916272059,0.6001231640546406,0.6950476266819962,0.6475853953683184
INDBANK,0.6346261850762198,0.5751970697325418,0.608869046772342,0.7175730181380485,0.5835098872267377,0.837426186554436,0.5884624794873498,0.544401924450533,0.6212474490937573,0.7952336577123427,0.629202520152811,0.6421467258492983,0.634745842774094,0.6580742067506881,0.646410024762391
CREDITACC,0.45400722337782395,0.43461755595365853,0.4655920170705445,1.1027346798004678,0.5787257355693567,0.5303818752168672,0.5519912737638962,0.4980043604590056,0.5505604515298277,0.8856674673510435,0.5676629982988696,0.8862666724280427,0.6505399236661443,0.640581338062028,0.6455606308640862
UNIONBANK,0.591361080180943,0.4370352264250812,0.5269640373319137,0.9190193440010285,0.885020420147199,0.5425333098736175,0.523307074650258,0.41966438650033966,0.5832389805281708,0.9624081877730888,1.1132883833769593,0.7587710901298073,0.6265948671512815,0.66427482389608,0.6454348455236807
INDUSINDBK,0.4996038587466794,0.48505548909885493,0.6235119539906274,0.6802319912972846,0.4222711812813417,0.874187890819921,0.5183885652141034,0.531467815584353,0.6729235943412738,0.7535751958606314,0.5605960488566277,1.240499658185712,0.6128366722042701,0.6688279190456969,0.6408322956249835
MAHABANK,0.6590114327953096,0.4993434082024814,0.5891632720827483,0.7431101334203779,1.2094117463379055,1.0002912020759291,0.5854639852360182,0.5025282282916717,0.6167422750997655,0.7134521475346108,1.353018087061683,0.6353851796923196,0.6173833577079839,0.6229124274686003,0.6201478925882922
RECLTD,1.5469543946294282,0.8467246807291119,0.6590572252828859,0.38885350145280356,1.4405017145225292,1.6530797998550877,1.1832422116070793,0.7155348471667897,0.667128053841692,0.4694604404899463,1.3298547502737303,1.3759217628364615,0.6155295992231063,0.6175091285011879,0.6165193638621471
JPOLYINVST,0.8772143788329733,0.965970037584773,0.5045687311832758,0.5018118728643117,0.5393764627163836,0.9113893048060884,1.003894252590274,0.9534607745772568,0.5484023541669871,0.5247225173960708,0.755535090100504,1.064767399066663,0.596021934967886,0.6223100872177662,0.6091660110928261
CENTRALBK,0.5747393607082617,0.5098114398748951,0.567210578766873,0.7025671720188803,0.9104309173712084,0.7238971747031687,0.4799322648155919,0.4765017241470956,0.6179258522148611,0.7241383073956985,1.3115345648947847,1.1931911935189548,0.5963377289640797,0.6215047631555592,0.6089212460598195
INFIBEAM,1.095024038057684,0.3886477288935672,0.6938348881466269,0.688058259807329,1.9466016839631946,1.4565705436540517,1.1178723295358683,0.4298505004879771,0.6831953161290558,0.5026219261742345,1.6237038923519704,1.1433906803977771,0.6310644677942256,0.5783543360143937,0.6047094019043097
VIJIFIN,1.963630523397812,1.0195934756313565,0.46648914512088124,0.5874136759184387,3.4609488394694865,2.8271154395048947,2.2621613333030632,1.1512354715603874,0.47887776711989927,0.4154314649194462,1.3653161709987884,0.6214959473977247,0.6133873704622435,0.594315417347861,0.6038513939050523
MANAPPURAM,0.7936487974597943,0.6497568065544392,0.6098957156143022,0.47289408389028315,0.38406794290763246,0.7371492283240261,0.6531503219672828,0.6070287731091634,0.6334457499753686,0.604046480907447,0.5205060908935922,1.0862299710798287,0.5767674442851238,0.6193425738817511,0.5980550090834374
CGCL,0.5395446833453325,0.48088927179600954,0.6514200321574459,0.4505611877510645,0.5669844753086359,0.7373135510297532,0.6538931454096298,0.521813173014047,0.6609112838320043,0.5604373455442063,0.5066655314264674,0.6537821755524885,0.5570562267632442,0.6029494801820734,0.5800028534726588
IOB,0.608345062409919,0.48778117173212027,0.53486532375734,0.6431732049637159,0.7820334431667574,0.5221139458082513,0.5220027569148592,0.4579342314324525,0.5741125581265597,0.7428227742941341,1.304305644606054,1.1116853146832584,0.5579408577142088,0.6014899576380106,0.5797154076761097
CENTRUM,0.815764540792089,0.5582894087941317,0.5580351539310413,0.7289831652909572,0.5118434456527313,0.897053250926186,1.0065196168266255,0.5740019507425148,0.5602671429794476,0.5144110577232776,0.4317015906472236,0.5683960266834163,0.6093704083116342,0.54925727895521,0.5793138436334222
PSB,0.5833270510887455,0.48368459457147966,0.5922274618260217,0.5830380445548401,0.830557262567531,0.6791916047215427,0.4864694355455987,0.4487265935709005,0.6029792879384739,0.6129854239425805,1.2101431207433142,1.2205105424942486,0.5677620631937588,0.5751305898661911,0.571446326529975
DCBBANK,0.4995041246679713,0.5491581342137959,0.41821211873671593,0.7940469854384604,1.1243380212020138,0.7069143811397122,0.5111108686780482,0.5760110034905012,0.512474083299566,0.7138178459969887,0.6682036288605642,0.6934479375480647,0.5571517818426552,0.5855845961469799,0.5713681889948176
J&KBANK,0.5058021621593803,0.41615411594784846,0.5572987831054951,0.6073390674080845,1.1320215829115683,0.5334662382261105,0.4674651117071555,0.40383831056400193,0.5855016176903391,0.7429798701994337,1.125210588173482,0.679708073027679,0.5440819349647426,0.5964124320178,0.5702471834912712
CSLFINANCE,0.6516890215831462,0.5699485531620907,0.6161251186317513,0.500356207233372,0.5404942610439903,0.7472507045058625,0.7422801949435952,0.6186882868833887,0.5801532538686851,0.5064062427641436,0.7848009353157247,1.4338315534761439,0.5721591321183054,0.5657361571402634,0.5689476446292844
PFC,1.6990712420828722,0.8811765764847428,0.5666932659095746,0.37397969953673743,1.1490000368972517,1.6398627515138715,1.3191781693383746,0.729517039356816,0.5942006783007544,0.40617928657779395,0.8614048804057719,1.3337829934214354,0.5717758581127571,0.5648575329950786,0.5683166955539178
IDFCFIRSTB,0.3737332476669476,0.5091140740577074,0.42260520041228833,0.6969227648206003,1.3181492355463007,1.4247381207955407,0.44949710466875137,0.5698959293940319,0.555645092500135,0.7349399562193653,0.7181003667071906,1.1732780955516613,0.5222022444638657,0.6122837189946835,0.5672429817292746
PAISALO,1.2046192629810302,0.5521759005209321,0.4339084870030137,0.8451020055418963,0.9134713511599871,1.2349972124778485,1.5575652334027823,0.5572665454343986,0.4668447458187099,0.6442829878192432,0.5705034082073327,1.2515645264936324,0.5809200252682621,0.5381605783420076,0.5595403018051348
LICHSGFIN,0.9704214725180197,0.6617576743492417,0.4322021857041966,0.6232492222179274,0.6874656770507557,0.596450079848716,0.6870014775880834,0.5852233256250963,0.4743251769261452,0.6948605836227878,0.7001948372088365,0.9071366371771746,0.5354273943873249,0.5626654286749282,0.5490464115311265
NIACL,0.9514318416856301,0.5938282778684475,0.5909940987006387,0.4145911287653332,0.8605985858136004,0.5983151200400744,0.9686908419574702,0.5336523321294004,0.5738699117837477,0.5340568138862434,0.8802395109136826,0.8944216698640888,0.5386400435536087,0.5538824664836269,0.5462612550186179
INVENTURE,0.5179385232447827,0.6309805277175721,0.5627348648306449,0.4426668869980898,0.6034804106436132,0.80986243052905,0.6229843561841752,0.6723125102164897,0.477345487745426,0.5840245498497147,0.8380293586752027,0.9791714220767632,0.5403636040582639,0.5483426108709254,0.5443531074645946
YESBANK,0.7155078194456636,0.4823325906257517,0.6002683549659942,0.47296849547547626,0.32771287521646886,0.5655719422778759,0.7061134614384932,0.5143491442460458,0.6075592605094009,0.4770883758625025,0.5983745391199462,1.05937420469185,0.5384912442507903,0.5497759718626604,0.5441336080567254
UCOBANK,0.5513164398139105,0.4598869505161072,0.4718495773095804,0.6008603448674753,0.9016977116453471,0.8498137299193418,0.4972110238983804,0.4570681754383436,0.5452097448020912,0.6762448726505591,1.2489757555090055,1.1870461421523002,0.5081602822182543,0.5668919692838821,0.5375261257510682
SOUTHBANK,0.5080129672138856,0.42326459793388305,0.4802597250299309,0.5252026421919295,0.7456651150559461,0.442361688458792,0.5150649947994353,0.48401510301669826,0.5691232984275235,0.6089817188851568,0.7712944360923781,0.9428912750306611,0.48234357475932094,0.5640591854826484,0.5232013801209847
DHANBANK,0.5967449391070544,0.399585299944234,0.4905022270107297,0.5425941452729388,0.9311892816456664,1.1687309762103808,0.6200167751065402,0.4708814805837663,0.5373887154008549,0.637507333516096,1.1499501442873448,1.3029624481123117,0.4879464170760933,0.5541228538720095,0.5210346354740514
ARMANFIN,0.417465485112757,0.45626668279270194,0.4110584371825478,0.860065584198375,0.5574209014629247,1.2709075961204668,0.4925451166448768,0.5157999695993629,0.43474774518763176,0.5045799276762594,0.40653921357374057,0.44537660685108504,0.5548022304093267,0.4719078448165663,0.5133550376129465
IRFC,1.6101203930539394,0.7227636672446845,0.5083586089455707,0.3294759628236772,0.777350011388792,1.0205246893166724,1.6413263503303877,0.6795339718993034,0.5170994381917263,0.43021617588757605,0.8521094169308626,0.5630899642915912,0.4975748267688255,0.5235213662419966,0.510548096505411
HUDCO,2.147408865573157,0.8329061891461604,0.36524540029782343,0.47931815881549716,0.9067092697751813,1.1845870185214853,2.468742492812404,0.7847601019044605,0.387486289152258,0.5853361563698346,1.5578493234554922,0.4839572163809464,0.4929993856227929,0.5262960118679716,0.5096476987453822
TFCILTD,0.9558049302327497,0.5393906325097623,0.4614038556813983,0.5617297141051788,0.6588861960697797,0.3333492963084652,1.2329468679424425,0.5530932662157623,0.4451573323898388,0.5279916463545132,0.8604251306756345,0.5353216573793297,0.5070989685742052,0.4915948133444258,0.4993468909593155
CSBBANK,0.4447364507172385,0.4199350254009629,0.3652650533223222,0.7271698900963116,0.6732833536249616,0.8636760114021693,0.52009134698072,0.5078113100630137,0.47556171733766894,0.5517858885758758,0.488118767377856,0.40570946844166317,0.48477049877024714,0.5048788872541999,0.49482469301222354
PNB,0.7408376467866539,0.41433444673378406,0.4374258302188976,0.5005273013534876,0.714741628216801,1.2755898335717544,0.5931950181444869,0.41733039092542235,0.5112318416063935,0.6414792657261782,1.3007918358596395,2.105002031977081,0.45173799486225186,0.5315257787061346,0.49163188678419323
BANKINDIA,0.5056191250304944,0.39690846718883577,0.5163696306958645,0.3693543635078871,1.1107567167230135,1.7493566353315118,0.48890458503589623,0.42548186843238317,0.5967785243471755,0.4929828018186403,0.809016867410465,0.931941758758946,0.4483728178380655,0.5313804764056564,0.48987664712186096
EQUITASBNK,0.4116613345680518,0.3824397989235124,0.37977766761983806,0.4554666385762948,0.3587787191823481,0.5602455868644424,0.49781285324539554,0.4752411914655457,0.4559081678081884,0.4992601160564336,0.48949903293281644,0.8902296500032115,0.40301678516750994,0.47278035701413346,0.4378985710908217
UJJIVANSFB,0.37210190979381275,0.38582515180767313,0.42269332998485176,0.29183132508168946,0.36095445869544657,0.13782410271787665,0.4101978785638184,0.4536539381398293,0.5326987807414196,0.4582105807147512,0.5790221341527051,0.7004133610060441,0.37606109287846734,0.49454335221310103,0.4353022225457842
RBLBANK,0.42001339215989714,0.43058614691536623,0.335599895265492,0.4206489498229299,0.4747930778805978,0.5841407454234551,0.389000372706057,0.4232326416887314,0.4151034637741896,0.6590138917739237,0.9044718447321745,1.2536728538300665,0.38011186196269825,0.48990242775701814,0.4350071448598582
SATIN,0.4318602308850949,0.3891905862150216,0.44535089029107144,0.23066231858226283,0.2225859172941548,0.33852729391804404,0.4848284213255341,0.47565949604843627,0.5132492701338531,0.4327636838997413,0.4508150496565048,0.8386989874464835,0.3697122579632189,0.4815856394465362,0.42564894870487757
SPANDANA,0.38633683984888323,0.3166676333982423,0.3252140156956607,0.46736547191514705,0.5051809105024573,0.8457403942909438,0.42766018410206436,0.39824125933252597,0.43626359985742147,0.5402106137221883,0.6899548082942999,1.23476523113863,0.36615017610202294,0.4598432359118724,0.4129967060069477
